timestamp,Main I,AC,Living Rm,Lights living / bath / baby,Bath plgs,Holiday,(unnamed II - A),Fridge,Kitchn / dining  Lts,Furnace,Microwave,Guest,test,Guest bath,Mini Fridge/Dshwshr,Other,use,mains,solar
2016-07-31 09:00:00-05:00,909.0663983903427,1452.2049571781806,70.7421162872007,90.94392898528874,0.0,0.0,1135.464788732395,101.45229011929979,60.54382003001279,0.0,6.161512651074098,0.0,943.1065517341011,0.0,46.88116170654834,0.0,2044.5311871227377,2044.5311871227377,0.0
2016-07-31 10:00:00-05:00,928.8341219037019,1153.4704828209256,121.27072778452796,89.0737503942523,0.0,5.154144566204433,1068.735596994156,133.70286312263846,106.01641723819709,149.11388552961893,37.95239758859803,125.52776920478611,943.1065517341011,26.302716606694517,28.151907110426578,0.0,1997.569718897858,1997.569718897858,0.0
2016-07-31 11:00:00-05:00,780.0286111111113,1090.394879482952,101.71681711196902,0.0,0.0,5.15509850866264,987.2027777777794,38.674078764203465,162.20162486606162,145.18735691719604,6.157196830676677,115.61256091361261,943.1065517341011,50.466294975794035,27.356843873659823,0.0,1767.2313888888907,1767.2313888888907,0.0
2016-07-31 12:00:00-05:00,577.2405555555558,655.7525870748021,89.09564759572346,15.071261777612909,0.0,5.163330429130133,742.4533333333344,57.76361183611905,161.78838361528193,87.99723527795751,38.93832290556693,130.16164494312488,943.1065517341011,26.339928264601397,31.385267947779813,0.0,1319.6938888888903,1319.6938888888903,0.0
2016-07-31 13:00:00-05:00,1180.745555555554,1626.1398901794719,84.77444256888472,0.0,0.0,0.0,1307.0058333333325,63.43951647819723,160.82469988928918,190.76362069725982,6.260918947723173,264.9542906368439,943.1065517341011,29.593454855448723,31.506551433801636,0.0,2487.751388888886,2487.751388888886,0.0
2016-07-31 14:00:00-05:00,1164.0236305048334,2138.968396769682,58.76684427722314,0.0,0.0,0.0,1607.340494092373,0.0,158.45275156121522,233.55326892430747,5.4548141439030156,16.658351231722577,943.1065517341011,78.6274185443156,50.07160893726039,0.0,2771.3641245972067,2771.3641245972067,0.0
2016-07-31 15:00:00-05:00,1268.298971037054,1635.8277532967804,53.928486547179595,76.82390691285431,0.0,5.129632249911692,1374.0202076036085,94.14332783675209,191.7227808991502,186.96763571469776,10.438513266420713,302.74755370560285,943.1065517341011,28.36738623074557,28.48192259491939,0.0,2642.3191786406624,2642.3191786406624,0.0
2016-07-31 16:00:00-05:00,1589.4920981131415,2145.3631076403985,43.8936715597168,21.423489376591522,11.353661029527306,0.0,1487.8677942502638,33.52847356765409,30.43549108359268,233.68546781638085,6.86813081953141,397.3850543689284,255.32805153824674,37.599614492306664,27.505442483823984,0.0,3077.3598923634054,3077.3598923634054,0.0
2016-07-31 17:00:00-05:00,1642.250902273607,2153.1751842541235,44.00956935075434,11.088694051538653,0.0,5.05596190067071,1521.1089912533514,60.399542275160876,28.72340991024455,234.04023493318581,7.01725020858652,458.3304850935674,12.869016943835465,41.563926311288625,27.37059661666374,79.71602167733818,3163.3598935269583,3163.3598935269583,0.0
2016-07-31 18:00:00-05:00,1511.7716163631,2133.69361041053,45.51492269130699,10.916869039593912,0.0,5.1222862068254855,1490.2753464025386,49.369138727369936,28.33103907048609,235.80935195133085,6.87368671298359,339.26781390946553,10.528314354423696,27.22040836634942,31.049816504543646,78.349704820429,3002.0469627656385,3002.0469627656385,0.0
2016-07-31 19:00:00-05:00,1990.1726104554266,2081.8573582916533,47.09636470195556,24.719051036872663,5.091153599514393,5.7330229324248485,1580.768510559365,133.4077221711119,33.60543482535883,238.92788532476962,7.614829796683006,826.2778787480188,51.11111263678976,46.54458592207002,31.70518516135416,37.2495358662145,3570.941121014792,3570.941121014792,0.0
2016-07-31 20:00:00-05:00,1547.8284736412393,2031.278131905537,47.422422062846316,24.762924075392185,0.0,5.679656001002863,1448.2643203905263,40.42528334215187,33.714345654825316,239.48607965142256,7.215371276992463,411.7855856287515,17.898415288674276,37.021806256990764,30.612201031903123,68.79057185527563,2996.0927940317656,2996.0927940317656,0.0
2016-07-31 21:00:00-05:00,1216.033445940619,1978.3331896779005,48.09600312498126,11.130698244252537,0.0,5.668116620281701,1420.737829185549,55.91296994171881,29.8980021276349,240.23022483870287,6.517365983890812,124.50907785209701,0.0,27.40917582071285,29.297164895890827,79.7692859981039,2636.771275126168,2636.771275126168,0.0
2016-07-31 22:00:00-05:00,1216.033445940619,1978.3331896779005,48.09600312498126,11.130698244252537,0.0,5.668116620281701,1420.737829185549,55.91296994171881,29.8980021276349,240.23022483870287,6.517365983890812,124.50907785209701,0.0,27.40917582071285,29.297164895890827,79.7692859981039,2636.771275126168,2636.771275126168,0.0
2016-07-31 23:00:00-05:00,708.1561028755887,1020.2388119510942,47.53825016638395,10.557151162211875,0.0,5.750450851967315,833.688309133422,62.192817973603894,29.184948316434564,144.5122152632501,6.60061559082768,110.02106708338897,0.0,28.564237749617238,26.12424245424322,50.559603445987705,1541.8444120090107,1541.8444120090107,0.0
2016-08-01 00:00:00-05:00,634.8114207602482,1051.7988717538417,47.79770215971704,10.653790835580425,0.0,5.985132832663861,830.1105571527074,35.44384894285102,28.33754111358196,152.0546324951816,6.6039506923246565,21.75074075896069,0.0,27.74195982712798,26.93088509271378,49.82292140841105,1464.9219779129558,1464.9219779129558,0.0
2016-08-01 01:00:00-05:00,503.5289779208541,797.0257082045562,47.15181421755686,10.726763296764519,0.0,5.927030690794253,716.3669674454922,58.74678017545851,27.485982922509336,121.06361653372,6.370866264824351,21.65884241813545,0.0,53.64433277514498,26.5045084537801,43.5896994131017,1219.8959453663463,1219.8959453663463,0.0
2016-08-01 02:00:00-05:00,336.78769562092225,458.6298771707724,46.911398813234136,10.887366291479015,0.0,6.108062791486158,472.94354545647377,121.25192309440453,27.748862929377985,62.22963536377493,6.654369661994018,27.73828858433044,0.0,0.0,5.6710172950798725,35.90043908146254,809.731241077396,809.731241077396,0.0
2016-08-01 03:00:00-05:00,454.75448273019515,702.4488925360371,47.06821187408044,10.768545822736133,0.0,5.952210888565264,639.9278857532738,56.093728729919846,27.737785003233025,110.37752832495563,6.524991211620375,21.6032245593739,0.0,35.88648359290007,30.09227135452235,40.128494585525004,1094.682368483469,1094.682368483469,0.0
2016-08-01 04:00:00-05:00,328.4376591428426,456.41203189437033,46.870357971021576,10.822257566014079,0.0,5.954150445342493,461.0333204038486,30.29136763345955,27.65371554136079,73.2473380460137,6.615292459187183,21.43151171403842,0.0,46.21105768733325,31.25652403437322,32.70537455417673,789.4709795466913,789.4709795466913,0.0
2016-08-01 05:00:00-05:00,382.69866813125157,566.6998791582259,46.41163404428278,10.638173132489444,0.0,5.548259324177057,596.7028157811261,123.30000060257646,27.248766035335095,79.75464578069703,6.325674092845549,20.08870034855643,0.0,0.0,53.951822135706585,39.43392925748526,979.4014839123777,979.4014839123777,0.0
2016-08-01 06:00:00-05:00,396.36544874781765,585.0178648517494,47.394371427778175,12.585393901922657,0.0,5.502841205798725,554.6408690694725,42.306326770321114,27.459419296154223,96.24341321615451,6.484315507495586,21.424473231081695,0.0,42.60904266577377,26.758800778861566,37.22005496419865,951.0063178172902,951.0063178172902,0.0
2016-08-01 07:00:00-05:00,126.09821118918303,0.0,45.84843637417062,42.911710333565445,0.0,5.6274522376730625,264.27934930717987,69.41824637732076,83.40264530165955,8.348369562688909,24.281061376398583,21.375909587051577,0.0,37.68675234430253,28.232698645393995,23.244278356137897,390.3775604963629,390.3775604963629,0.0
2016-08-01 08:00:00-05:00,125.49242148437845,0.0,44.146609295983744,43.36178471124391,0.0,5.649305885428025,405.211430401781,145.54030756050636,164.8149488169337,8.575481447176868,13.409840192464362,21.74271887374927,0.0,26.90654199074614,27.19921485720124,29.357098254725827,530.7038518861594,530.7038518861594,0.0
2016-08-01 09:00:00-05:00,248.7907097291131,0.0,139.7429327223725,65.19717568008774,0.0,5.511477163305499,258.93366855407174,80.92288275095767,26.567504463785557,8.172190398487066,6.890357481938638,23.762838041326518,0.0,70.10938800666464,55.183514463891775,25.664117110367215,507.7243782831848,507.7243782831848,0.0
2016-08-01 10:00:00-05:00,483.49920184599625,476.90466680750257,132.26359632000003,65.46328880380138,0.0,5.452069795135002,486.616436781805,68.77121227601421,26.749140504539223,70.62462350594237,6.983484936065727,21.072448595549577,0.0,28.765761797288135,28.207248892984467,38.858096392978496,970.1156386278012,970.1156386278012,0.0
2016-08-01 11:00:00-05:00,967.0421398732068,1374.497260289563,93.98269339393671,64.89711122151733,0.0,5.304166679791185,1020.2697200796385,37.47809341589703,26.993724070572426,166.80634734412865,6.75687039276806,82.48617386194009,0.0,27.676632910900455,34.55829750515847,65.87448886667198,1987.3118599528452,1987.3118599528452,0.0
2016-08-01 12:00:00-05:00,1393.171098988867,2054.2339509984727,64.66806165852873,69.31589297096345,0.0,5.144458955023703,1501.0730742516387,60.7545205934644,27.10211854123026,236.6301787429753,22.297082170085094,183.16620352656074,0.0,51.504066400497315,30.789298744013177,88.63833993869093,2894.244173240506,2894.244173240506,0.0
2016-08-01 13:00:00-05:00,1417.1457726820443,2136.3079538885154,44.66550804084209,6.51091845020792,0.0,5.176502350085183,1566.4628991181003,120.85401493209021,27.655873725999125,234.9117074912448,6.384919508448185,250.68735719099664,10.616723389347221,37.08762161813246,26.35837797187971,76.39119324235526,2983.6086718001443,2983.6086718001443,0.0
2016-08-01 14:00:00-05:00,1385.3606343660888,2181.355226410023,44.14715813250045,0.0,0.0,5.147501865337061,1645.304590400936,175.59045554411784,27.256200584434986,236.52810263799617,6.2044991956525655,202.73019610083682,10.178266688505317,35.923522737425635,26.014968457807274,79.58912641238749,3030.6652247670245,3030.6652247670245,0.0
2016-08-01 15:00:00-05:00,1398.0174154212064,2198.5283222490502,43.957180677202075,0.0,0.0,5.060363913060167,1541.1472451995419,56.58711332860782,27.475566962221148,235.897942419607,6.481404278094539,206.52000649934902,0.0,43.961791970223494,26.352178496966722,88.34278982636624,2939.1646606207482,2939.1646606207482,0.0
2016-08-01 16:00:00-05:00,1601.87274820533,2199.2403658562425,91.16570496446353,0.0,0.0,5.166035985137104,1549.2282004097588,74.9613290678116,28.1928643705186,236.25811302127704,6.9029859962351905,357.54447417746326,10.9428676919887,27.522593553239492,29.6736562636249,83.52995766708682,3151.100948615089,3151.100948615089,0.0
2016-08-01 17:00:00-05:00,1601.87274820533,2199.2403658562425,91.16570496446353,0.0,0.0,5.166035985137104,1549.2282004097588,74.9613290678116,28.1928643705186,236.25811302127704,6.9029859962351905,357.54447417746326,10.9428676919887,27.522593553239492,29.6736562636249,83.52995766708682,3151.100948615089,3151.100948615089,0.0
2016-08-01 18:00:00-05:00,1560.148887137584,2158.5128739669603,60.01416881952445,0.0,0.0,5.4042467711923745,1506.532786980858,38.90280129776943,28.59863065840587,238.86243693886573,7.027187153026688,368.67072832024803,10.304171359016106,37.026312083430724,31.986143513144135,81.37197323685814,3066.681674118442,3066.681674118442,0.0
2016-08-01 19:00:00-05:00,1341.53662948311,2095.6146860435824,45.52041998212038,0.0,0.0,5.399943880326369,1636.6666918007877,39.888677881768295,197.5678249066182,238.7632012215995,6.1538232365912275,200.64804831994678,10.78661337867998,27.68805685529923,28.68115310816213,81.49087246920317,2978.203321283898,2978.203321283898,0.0
2016-08-01 20:00:00-05:00,1623.8444175486723,2001.753111909874,223.6392390506429,87.3418710250024,0.0,5.463827276136992,1871.6271013144199,126.38097950474496,280.06451050042426,239.55303302100444,88.79735843944215,255.33333712655391,0.0,49.34673842494205,28.352333475366503,109.44517910895775,3495.471518863092,3495.471518863092,0.0
2016-08-01 21:00:00-05:00,1348.2952599429896,1492.6172836103628,247.1400096506749,87.86007076536671,0.0,5.3301769937067185,1715.051413929011,64.42532952543026,183.66518518919366,195.1271503109709,50.925701478210065,216.64238436812187,0.0,32.96779448884162,379.4910143181054,107.1545731730157,3063.346673872001,3063.346673872001,0.0
2016-08-01 22:00:00-05:00,952.6848977612956,1289.7529640086373,103.67659536888968,0.0,0.0,5.5034833890179335,1684.4385824887056,25.372250860258173,40.92100167111733,169.8706013116822,5.434790608012228,164.0605444917043,0.0,31.974395429543836,701.9063772759537,98.65047583518435,2637.123480250001,2637.123480250001,0.0
2016-08-01 23:00:00-05:00,775.9792423943684,1058.4622985537974,104.25547784369469,0.0,0.0,5.881120532659848,985.0509424121998,72.26917997209134,41.84088161202008,152.3647325189536,6.463146778656651,108.37389463121559,0.0,52.93036261692777,97.94168279352111,60.24740695303012,1761.0301848065683,1761.0301848065683,0.0
2016-08-02 00:00:00-05:00,761.419624914671,1045.0220267463442,104.55817687036988,0.0,0.0,5.867012481254146,825.5225218781644,36.21259941093921,25.729211427692338,149.33952354714617,6.870343871843884,100.83853556832497,0.0,27.911533144915104,30.31017821504651,54.28300550895915,1586.9421467928355,1586.9421467928355,0.0
2016-08-02 01:00:00-05:00,123.29643426192435,0.0,102.89025348864104,0.0,0.0,5.429974463111475,226.1677840383429,0.0,22.53596416272616,8.024644525427567,6.549449062347411,0.0,0.0,124.59646799187907,54.44621843036853,24.991246175766037,349.46421830026725,349.46421830026725,0.0
2016-08-02 02:00:00-05:00,552.2502451025277,799.4910512276736,102.95477564806669,0.0,0.0,5.143352440795025,682.2658974498619,36.00900082051702,23.04176604379487,120.08634186189138,6.425525337217102,21.15875652116419,0.0,46.85947493247072,26.809998619831756,46.53609909896727,1234.5161425523897,1234.5161425523897,0.0
2016-08-02 03:00:00-05:00,527.8823333374817,751.6206129949037,103.05310372182902,0.0,0.0,5.257206808654285,651.1789531065089,54.59673302549084,23.090304069019723,115.28351206475425,6.458166185576606,21.306164094313573,0.0,27.38541505476853,26.291570404053324,44.718498020626384,1179.0612864439904,1179.0612864439904,0.0
2016-08-02 04:00:00-05:00,456.72388165123823,613.8566459866073,102.64530209034125,0.0,0.0,5.072697448571399,553.0396168963075,33.839352757691586,22.841231505473797,91.34447851093513,6.430814347301608,21.124450662084968,0.0,42.298085972339415,29.758094350198764,40.55234491600049,1009.7634985475457,1009.7634985475457,0.0
2016-08-02 05:00:00-05:00,565.8473979594881,822.4730097938381,103.57066588261759,0.0,0.0,0.0,692.5813708668514,21.70409772792461,22.6965398774211,131.8671153649102,6.340545185054926,22.3818877374669,0.0,46.96782685898619,27.61026457983091,52.816815818289115,1258.4287688263396,1258.4287688263396,0.0
2016-08-02 06:00:00-05:00,141.12111341052608,0.0,103.13983923594164,0.0,0.0,5.0535612981849205,154.1019908693105,34.56377614155412,38.40778537856204,7.679182607862686,6.6394255257315145,20.973495309849593,0.0,26.96162300242327,31.753450584676546,20.050965195050253,295.22310427983655,295.22310427983655,0.0
2016-08-02 07:00:00-05:00,169.34664906395824,0.0,101.7417860179476,29.501656213518704,0.0,5.292379639678538,316.1164275010416,86.78630334264685,122.0905543120702,8.13914940224752,6.304527671386793,21.274157800409586,0.0,50.67089918005802,28.467420735425417,25.194242249610568,485.4630765649998,485.4630765649998,0.0
2016-08-02 08:00:00-05:00,173.92564170654774,0.0,99.59978561260839,34.10831880516772,0.0,5.2493201885434155,443.51901803763207,74.2416952927468,273.3501512615279,8.275760794827498,6.09388276999387,22.596715490813697,0.0,35.21573144618975,26.82611731688183,31.887180764878963,617.4446597441798,617.4446597441798,0.0
2016-08-02 09:00:00-05:00,703.0436963462834,935.8459233346895,100.68151531219483,23.485090800043633,60.04113603803836,5.22446136527591,966.6366863928894,81.66868927536734,190.16592946688328,127.65101706584298,6.106294618447617,21.655714924666604,0.0,26.853947651055115,33.223632753425164,57.07703013324249,1669.6803827391727,1669.6803827391727,0.0
2016-08-02 10:00:00-05:00,1111.6296071698596,1932.0510427167335,99.20995946084298,0.0,0.0,0.0,1424.0284723097272,123.55461991833107,44.30344947076612,233.54054112588204,6.08539190907632,0.0,0.0,0.0,5.380025037642448,91.53304984031229,2535.658079479587,2535.658079479587,0.0
2016-08-02 11:00:00-05:00,791.3854651641839,1030.4400686342854,98.69433151457025,0.0,0.0,5.036443701651378,832.075383468205,42.59221419758265,47.98536630948378,135.79596634745582,6.58752048664623,143.4105449676184,0.0,26.82523424224727,30.197404189639617,55.89575404120819,1623.460848632389,1623.460848632389,0.0
2016-08-02 12:00:00-05:00,1280.4520299834592,2034.0364971558804,99.46578672406383,0.0,0.0,0.0,1496.7695379052934,50.98798825754092,82.22214754340712,232.73212321020148,6.336519982254393,117.52324713957658,0.0,36.19079453688172,26.09753813266088,91.62892520628475,2777.2215678887524,2777.2215678887524,0.0
2016-08-02 13:00:00-05:00,1395.1800488349063,2108.13670458832,99.53918808688285,0.0,0.0,0.0,1493.9945885836132,13.752704071621913,80.87878578559697,233.3865240374637,6.435834665437593,192.67767955375743,0.0,33.26665807741314,26.579493527529994,94.52106502449624,2889.1746374185195,2889.1746374185195,0.0
2016-08-02 14:00:00-05:00,1505.330583534156,2154.966021701335,99.4729572096486,0.0,0.0,0.0,1734.942820763534,85.20756991886273,135.6399072443195,234.51561553122494,99.2033324147386,276.387519055492,11.500985243438615,27.407121841602855,26.001181258788925,89.97119287823807,3240.27340429769,3240.27340429769,0.0
2016-08-02 15:00:00-05:00,2160.0182086285886,2169.606526383864,99.4671317576457,0.0,5.141256468119608,5.769297021616115,1812.820867723034,120.67242318719791,140.8998597812835,238.3630654843529,56.68584353828791,909.0424504433907,24.75196293047304,113.80735493656353,5.776841052795496,82.85506336603248,3972.8390763516227,3972.8390763516227,0.0
2016-08-02 16:00:00-05:00,1544.4526313522776,2181.3777156398933,99.67761504736359,0.0,0.0,5.257796416895624,1707.2342470197716,68.37237279829394,137.48839658037727,237.73000387065454,55.555595527440964,301.2538786565982,11.568147956694762,35.5551166881371,32.83080795976153,85.01943122993816,3251.6868783720493,3251.6868783720493,0.0
2016-08-02 17:00:00-05:00,1710.8425826176742,2172.4189383797734,99.43748118139307,0.0,0.0,5.422873325164686,1649.4942174966745,46.56675986985454,138.726559738805,237.93984799289487,32.32639135337364,468.6499395518331,15.43850387161589,27.25022985007953,31.970548141772593,84.18872685778842,3360.336800114349,3360.336800114349,0.0
2016-08-02 18:00:00-05:00,1586.316624943741,2158.8227346427166,99.6041824145465,0.0,0.0,5.397297360258044,1544.505856011529,32.662903147423236,48.68909668756536,238.7580067660856,20.33633978307793,351.67829053593744,0.0,51.88775014583689,27.277500697904834,95.70837877391796,3130.8224809552703,3130.8224809552703,0.0
2016-08-02 19:00:00-05:00,1585.3369257309846,2118.1133598947395,100.74305653238146,26.40307306187329,0.0,5.728298807427992,1651.4673072964554,73.9392532198912,162.3614332175056,241.01696150109245,9.387658666245386,345.70562478106916,14.339539915824169,33.75415819766476,22.832456635994753,82.47935859573045,3236.80423302744,3236.80423302744,0.0
2016-08-02 20:00:00-05:00,1408.5970539356385,2039.670608486524,102.96501255672617,62.288337065027335,0.0,5.530788458070677,1655.533134987199,47.82715401310632,226.5669759870372,240.12637672339343,8.20348647104074,173.7325625255998,0.0,29.839639491270972,32.52617267205602,94.85307447298419,3064.1301889228375,3064.1301889228375,0.0
2016-08-02 21:00:00-05:00,1494.3502112329404,2009.2580407065923,101.21033357173772,53.15277323998566,0.0,5.845988718673046,1733.61748284017,185.52445929378231,154.37360695919347,240.3018716864689,13.941519991255992,284.25923601054143,12.190461986515453,51.6484664353096,31.364962498523898,84.89597297453065,3227.9676940731106,3227.9676940731106,0.0
2016-08-02 22:00:00-05:00,1072.075526571301,1574.2056409250574,101.48231457522952,0.0,0.0,5.959407540513996,1168.989957084511,43.76869532960142,38.37483498940034,198.62396950740344,8.833053742174172,142.18340788347982,0.0,27.9560351600797,28.154875546544524,71.52324845632756,2241.065483655812,2241.065483655812,0.0
2016-08-02 23:00:00-05:00,926.7246455616129,1123.9312825394304,99.97978684743961,6.300690185428664,0.0,6.366651175310178,943.580313852951,111.80060469208283,29.70502603155473,155.09417462308355,9.04230207160866,223.04928085185975,0.0,22.030428655601952,26.288581230933875,56.71615051022991,1870.3049594145639,1870.3049594145639,0.0
2016-08-03 00:00:00-05:00,735.0655798320344,990.6377913105387,99.88348087019968,0.0,0.0,6.157141854514933,806.0340670042716,35.09161623854665,28.83823452993574,140.7481071010984,8.955289456866861,106.73531723427112,0.0,43.90641781629692,26.899331796082965,53.246918627954074,1541.099646836306,1541.099646836306,0.0
2016-08-03 01:00:00-05:00,691.5959979874011,913.1084355764536,99.52087713847303,0.0,0.0,5.916805603827348,774.1412107370509,59.651602638039755,28.520115842535233,138.1156010558736,8.589589512318305,103.69638384558058,0.0,27.99507484791368,29.497167202811255,51.12555546062572,1465.737208724452,1465.737208724452,0.0
2016-08-03 02:00:00-05:00,505.545838870433,714.8212756526993,98.95131288813666,0.0,0.0,5.860315930972814,633.4330504376795,32.759424118403444,27.881132713834173,109.09520959283132,8.572507620123378,21.556098257804845,0.0,44.67158981328631,31.14495171387861,43.66507100614149,1138.9788893081125,1138.9788893081125,0.0
2016-08-03 03:00:00-05:00,152.167760976743,0.0,102.49929938195207,0.0,0.0,5.954374047955521,225.5200261915528,125.52849029118146,27.687610383947785,8.566585861232491,8.651517146729434,31.626586930581094,0.0,0.0,43.4733587842065,23.69996434050944,377.6877871682958,377.6877871682958,0.0
2016-08-03 04:00:00-05:00,610.7338338949613,919.5702512870273,99.14184684795909,0.0,0.0,5.719501588485292,745.4736459834021,32.16147491832025,27.505629106194572,136.30787306492985,8.44671046315696,21.50720788584923,0.0,27.709560833887952,27.99041671436981,50.14700716818288,1356.2074798783633,1356.2074798783633,0.0
2016-08-03 05:00:00-05:00,482.1609385261686,663.4779554935192,98.64415961314913,5.396625325241288,0.0,5.648840219495563,624.4199762190441,52.79948227947528,27.388551744939726,104.62273945633275,8.399144549202665,21.31741724045131,0.0,51.78675191790184,25.918680496725223,41.18056640877876,1106.5809147452128,1106.5809147452128,0.0
2016-08-03 06:00:00-05:00,525.528553986073,752.1435325581123,99.98749716404011,0.0,0.0,5.724482286945484,639.3050199606364,30.974131809377415,27.430641926742087,116.7788323006014,8.547431216473573,21.3940355973215,0.0,30.17002579302655,26.85481757051696,44.82814572355187,1164.8335739467093,1164.8335739467093,0.0
2016-08-03 07:00:00-05:00,175.3914501176196,0.0,95.60783200791022,37.72961826434362,0.0,5.876606808088416,537.5248832402903,109.97330160897205,260.1425527669548,8.862029124330395,98.50176248205725,23.501221378914963,0.0,7.089207120875888,30.50035535583588,35.131846439626315,712.9163333579098,712.9163333579098,0.0
2016-08-03 08:00:00-05:00,174.2464221792922,0.0,95.43886113538515,38.72990958356113,0.0,5.7186714720752585,511.53138403265757,36.89452142975314,294.4430981786855,8.690211159747518,60.85416974575301,21.39265219870546,0.0,53.01399789730668,35.21159900522443,35.39011440575257,685.7778062119498,685.7778062119498,0.0
2016-08-03 09:00:00-05:00,354.3325916175588,416.9608063139604,95.5865407956469,5.0656467709515995,0.0,5.627358667170819,754.7556124476941,74.94373437081931,282.6811945263161,64.8658450548524,39.6958877546484,21.68457649512122,0.0,27.37142676506645,27.46412303685341,47.14106351384589,1109.088204065253,1109.088204065253,0.0
2016-08-03 10:00:00-05:00,701.0545371465521,885.134259570977,95.71909494548709,0.0,0.0,5.518336711787435,1035.1481153662342,56.99938614523757,279.9968756270038,123.77560484993383,29.666698531743446,129.712046543879,0.0,37.77776549547448,27.8196894857692,64.0828946054935,1736.2026525127862,1736.2026525127862,0.0
2016-08-03 11:00:00-05:00,701.0545371465521,885.134259570977,95.71909494548709,0.0,0.0,5.518336711787435,1035.1481153662342,56.99938614523757,279.9968756270038,123.77560484993383,29.666698531743446,129.712046543879,0.0,37.77776549547448,27.8196894857692,64.0828946054935,1736.2026525127862,1736.2026525127862,0.0
2016-08-03 12:00:00-05:00,1031.586348952664,1516.233394314327,96.14549359280883,9.060482197425634,0.0,5.387814530682249,1370.4163171100442,86.83891169162209,219.7385313535819,180.69680964606533,20.447239722865998,128.49870658830346,0.0,27.426908879065817,33.64519518767084,77.88317835828911,2402.002666062708,2402.002666062708,0.0
2016-08-03 13:00:00-05:00,1487.792547705976,2125.0292601723418,96.3243889500676,0.0,0.0,5.251315934820005,1785.563377431344,57.062198447009656,269.4737638843086,236.02836483146143,35.21907013243176,277.2358981490409,12.107523602340153,45.20066602768704,26.109926496290157,88.31354850952084,3273.35592513732,3273.35592513732,0.0
2016-08-03 14:00:00-05:00,1464.223299955225,2169.8980648357037,96.34637122347961,0.0,0.0,5.107075868809818,1801.9806483570726,44.88928148624766,276.0971043267779,236.41278789437447,43.710342765982276,231.66080779596737,11.089160770691947,34.788515965011094,26.295343557263827,89.90909182198766,3266.2039483122976,3266.2039483122976,0.0
2016-08-03 15:00:00-05:00,1565.128634132801,2187.488556086664,95.82882600984537,0.0,0.0,5.254162203067202,1813.6549056628664,53.70632402341178,277.46367870257484,237.03404696025558,41.64082126357176,322.0591441034709,13.702394696936565,27.732500292686606,27.070436427135824,89.80264902604677,3378.7835397956674,3378.7835397956674,0.0
2016-08-03 16:00:00-05:00,1316.251799810703,1398.4411379172232,95.67591859184559,0.0,0.0,5.5612260595727365,1392.2934879566342,75.40693964966813,279.26941541149307,159.41526768374808,47.06206358249051,474.2772973207695,14.82753824205335,53.17421041953406,34.67285362138241,70.76141926755645,2708.545287767337,2708.545287767337,0.0
2016-08-03 17:00:00-05:00,1773.2549033648502,2182.3537913345176,96.08644152127212,0.0,0.0,5.5005917148876975,1828.9166191652635,31.548107967279513,279.20496034136397,237.51455156899166,55.93715159098311,527.3339217536254,16.415934170987175,46.19850963686684,31.001231603978738,93.07632932535944,3602.1715225301136,3602.1715225301136,0.0
2016-08-03 18:00:00-05:00,1678.1928771412051,2164.983805247945,96.83039796926364,0.0,0.0,5.557188608704122,1874.2743765206956,97.75191396653999,279.62627329986896,238.424115897353,56.24907386120458,442.1581977794605,17.803806247135217,35.44163581889031,27.59092063927698,90.0499243262584,3552.467253661901,3552.467253661901,0.0
2016-08-03 19:00:00-05:00,1611.310375527973,2125.5040877242454,96.96405893763327,84.15664230066366,0.0,5.7023458494773775,1930.7078190656985,127.85479561310815,325.8533244738332,240.88289020427882,9.250816505709308,311.8152247856812,15.48167003020812,77.30292641134172,27.67663286755776,93.57277888993349,3542.0181945936715,3542.0181945936715,0.0
2016-08-03 20:00:00-05:00,1722.0699101741839,2042.9574686035098,327.01119367650983,87.55926299690728,0.0,5.79342931271792,1950.1934663266695,132.80129078865897,315.44660342837886,242.65100278570375,86.34320506072797,225.32271684448733,0.0,55.75141973917506,33.992656094896,116.63312716918063,3672.263376500853,3672.263376500853,0.0
2016-08-03 21:00:00-05:00,852.0330507145372,315.50344145559876,284.1056715499522,17.83673372302559,0.0,6.192133121096195,650.657048267296,119.58059673654343,141.80010730782837,73.23077126498045,12.284103110163102,357.207242318364,0.0,74.93097702785361,48.612483616639174,51.40583774978836,1502.6900989818332,1502.6900989818332,0.0
2016-08-03 22:00:00-05:00,1111.092805573111,1670.522637440307,101.76157171906046,0.0,0.0,5.964938955123876,1326.5389072748421,72.07802918049862,57.66568736090402,210.40553033846228,9.99873465055747,128.16085018326618,0.0,72.14967778516692,28.971849828585288,79.95220540602077,2437.631712847953,2437.631712847953,0.0
2016-08-03 23:00:00-05:00,1356.5907807262604,1959.620496271184,100.25920842446152,0.0,0.0,6.181754936957012,1421.8457694587005,31.839094492118114,30.56944660299276,242.77734991040637,9.948385729282917,228.41796418916684,0.0,56.92452615038459,26.67062381644616,85.22769966156011,2778.4365501849607,2778.4365501849607,0.0
2016-08-04 00:00:00-05:00,992.0527025061836,1484.2002564453542,99.81562973868063,0.0,0.0,5.808004033761388,1163.266270413633,57.08750026963335,23.59792319488731,194.24513522963156,9.557299653390304,110.66456664046741,0.0,75.69918669581375,25.94836006042384,68.69511095777307,2155.3189729198166,2155.3189729198166,0.0
2016-08-04 01:00:00-05:00,719.6743429775156,970.3145765702327,99.16803279530716,0.0,0.0,5.502544482416356,822.5952313167886,39.07616971898357,23.399296522803848,144.02275069023935,9.315912496930851,102.83925987095985,0.0,63.56120857797057,30.933941401172202,54.13588116728761,1542.2695742943042,1542.2695742943042,0.0
2016-08-04 02:00:00-05:00,372.0734652397417,461.4744606215611,99.25129827009941,0.0,0.0,5.761110576579149,434.80800034289257,0.0,23.21943780220831,90.46785183249177,9.653319930042572,18.288695677240405,0.0,31.20401529283601,32.496461567587914,35.064814011987664,806.8814655826343,806.8814655826343,0.0
2016-08-04 03:00:00-05:00,664.1798905331523,851.4940437619317,99.43281224957762,0.0,0.0,5.8305715489288135,764.185682357767,39.42305827628262,23.623090999216004,126.97093448731798,9.612190125217337,107.63154073484439,0.0,82.24647800196185,31.397555115159953,50.70329759048104,1428.3655728909193,1428.3655728909193,0.0
2016-08-04 04:00:00-05:00,333.1249841167555,379.6769602603383,98.78571174723523,0.0,0.0,5.844295755261038,442.4727833074538,55.961463486248974,22.686526727570193,62.412298318935854,9.52586156262586,21.375496220382963,0.0,57.918325997142304,27.397713704536688,34.01311364393189,775.5977674242093,775.5977674242093,0.0
2016-08-04 05:00:00-05:00,680.2565324970217,1053.5621034675555,100.01967363421254,0.0,0.0,5.581702264353536,865.1236747367896,38.40644010596125,22.245734856760546,154.84215741022183,9.294259098032768,21.430837508747366,0.0,58.76642827626596,25.9508208886685,55.280049723031425,1545.3802072338112,1545.3802072338112,0.0
2016-08-04 06:00:00-05:00,680.2565324970217,1053.5621034675555,100.01967363421254,0.0,0.0,5.581702264353536,865.1236747367896,38.40644010596125,22.245734856760546,154.84215741022183,9.294259098032768,21.430837508747366,0.0,58.76642827626596,25.9508208886685,55.280049723031425,1545.3802072338112,1545.3802072338112,0.0
2016-08-04 07:00:00-05:00,438.62492369317744,487.99725179343534,96.9323445659481,49.87747139308709,0.0,5.8145368020075,698.7408339187909,93.55261931754701,141.39722966758853,82.4625856788514,26.156049760652163,22.265619678017828,0.0,54.75483805512911,30.33109828379588,45.82411261590846,1137.3657576119683,1137.3657576119683,0.0
2016-08-04 08:00:00-05:00,399.26717369277117,0.0,94.83411645079732,34.50829235876355,0.0,5.924827828766924,442.2942228500401,55.80010530205768,279.54356192321626,8.734819326498988,9.832204320919807,251.51472686331215,20.80301183523524,37.59961446795392,33.17964513262704,9.286470732662451,841.5613965428113,841.5613965428113,0.0
2016-08-04 09:00:00-05:00,160.63161515446157,0.0,95.30988211514965,25.73001049012604,0.0,5.802789934892163,601.7853820308007,199.09123373630675,277.0986597702604,8.935925550343987,19.811556926150683,21.803836468930793,0.0,43.48287856349829,29.59530842217946,35.754915207424006,762.4169971852623,762.4169971852623,0.0
2016-08-04 10:00:00-05:00,770.6978485247672,1012.5717184478218,95.97874745363931,0.0,0.0,5.8832888805710155,1167.1708569740445,122.15795963453235,278.51102476616677,140.24486644392198,26.42581003258672,133.54340914105117,11.470420611797689,27.915176746689756,27.305424784857184,55.86085855517604,1937.8687054988118,1937.8687054988118,0.0
2016-08-04 11:00:00-05:00,1008.1301768651538,1436.2547245740966,100.35507128941214,0.0,0.0,5.58527318209761,1384.274225799749,56.466596358402064,276.20751979348495,179.425525195446,41.74204466465004,149.24369955737254,0.0,41.11857234345434,28.31247827804438,77.69289742844194,2392.4044026649026,2392.4044026649026,0.0
2016-08-04 12:00:00-05:00,1309.845547393597,2066.487795721444,100.1241765245298,0.0,0.0,5.289224582883985,1745.6574860298842,39.079664885649244,273.7842784618207,237.34963466754684,40.99446630371712,128.55320357403505,0.0,36.76114973726215,31.688861947149846,95.39057701744241,3055.503033423481,3055.503033423481,0.0
2016-08-04 13:00:00-05:00,1510.104497014562,2124.109241711864,99.67258570858812,0.0,0.0,5.173618492858387,1788.749184702208,60.576065642659124,271.7212661407484,235.9028356982891,50.3021763058235,295.95274280990554,13.72232306428488,27.74384839391689,26.702315694141856,87.27466205369001,3298.8536817167696,3298.8536817167696,0.0
2016-08-04 14:00:00-05:00,1510.104497014562,2124.109241711864,99.67258570858812,0.0,0.0,5.173618492858387,1788.749184702208,60.576065642659124,271.7212661407484,235.9028356982891,50.3021763058235,295.95274280990554,13.72232306428488,27.74384839391689,26.702315694141856,87.27466205369001,3298.8536817167696,3298.8536817167696,0.0
2016-08-04 15:00:00-05:00,1597.9523499340737,2189.2184229365753,99.59547287625799,0.0,0.0,5.257954850018736,1859.2959482803037,51.83068578310531,272.45406850821803,236.86364138913078,85.80475681680399,349.1454618436267,13.442143957757505,30.568038985388547,31.798932891654044,91.26871737584042,3457.2482982143774,3457.2482982143774,0.0
2016-08-04 16:00:00-05:00,1265.293084834432,1350.2510832036494,99.38121287523451,0.0,0.0,5.618876754756503,1339.9489367448173,68.41187203547571,275.0513880936975,156.6732200626009,59.60513031850986,445.1067815031675,15.431440651599262,27.698805876074072,35.53651943851765,66.47569076596619,2605.242021579249,2605.242021579249,0.0
2016-08-04 17:00:00-05:00,1743.1167333141375,2189.388946711665,99.6131674188385,0.0,0.0,5.494132650227192,1811.179652928707,80.06183119404122,226.86063513387992,239.53533304119415,35.98670825384602,491.1029565115213,16.895357657428253,53.3224272153165,26.834894487699177,89.19999596718662,3554.296386242844,3554.296386242844,0.0
2016-08-04 18:00:00-05:00,1789.0157616867766,2153.9984681260594,99.8059057622896,0.0,0.0,5.706009027554235,1763.840588618706,152.59785651335437,147.20889770572052,239.09080229885004,58.875005575738626,554.1374490784084,19.75764930750078,5.677186279680488,31.391883302337142,84.60923732798892,3552.856350305483,3552.856350305483,0.0
2016-08-04 19:00:00-05:00,1528.5965731478452,2126.3159418254727,100.54081435511509,0.0,0.0,5.755473299719448,1686.5873313852846,68.99235317476075,179.12001377012234,240.93961487156233,16.145209665553352,312.39603034000396,12.057716552491687,33.119982524577864,33.91772433750349,85.88302981624702,3215.18390453313,3215.18390453313,0.0
2016-08-04 20:00:00-05:00,1453.47113660541,2053.888165791127,141.51339778586942,8.85155666206265,0.0,5.962449299005151,1775.6367627809257,123.46867584808916,225.65688359435518,243.15502033610542,26.918436847753647,225.23723859560354,11.393772079093239,48.83709159079549,27.297694586592772,86.92751636988305,3229.1078993863357,3229.1078993863357,0.0
2016-08-04 21:00:00-05:00,1765.5092649430635,2012.2146452031338,411.52492448661786,9.693890087856005,0.0,6.077526737380876,1769.7526165447039,109.21318271750356,284.78981417266584,244.19016491162398,10.45185204624567,276.93937055257777,0.0,27.836843422336408,29.739770477142535,112.58989667268315,3535.2618814877674,3535.2618814877674,0.0
2016-08-04 22:00:00-05:00,1211.9982978076466,1967.6446735102966,152.68593511348803,7.6809569583615,0.0,5.19159650257449,1937.7821093303403,124.22180879988326,112.4242421882907,237.21649569999857,8.727154772456093,22.514090257992134,0.0,35.678306606212054,373.0729978487987,102.72214887963491,3149.780407137987,3149.780407137987,0.0
2016-08-04 23:00:00-05:00,1211.9982978076466,1967.6446735102966,152.68593511348803,7.6809569583615,0.0,5.19159650257449,1937.7821093303403,124.22180879988326,112.4242421882907,237.21649569999857,8.727154772456093,22.514090257992134,0.0,35.678306606212054,373.0729978487987,102.72214887963491,3149.780407137987,3149.780407137987,0.0
2016-08-05 00:00:00-05:00,159.65530702284167,0.0,99.2250654313948,0.0,0.0,5.675108743714291,244.220353399957,130.47537092729053,28.504129656544944,8.316310652486091,9.54307921783074,42.58243075534182,0.0,0.0,55.24977327893663,24.304391759258806,403.87566042279866,403.87566042279866,0.0
2016-08-05 01:00:00-05:00,721.2067103505346,979.9971964095558,99.41732617836237,0.0,0.0,5.401050086411487,811.8010851903026,45.00626238774243,28.95632196096302,138.8219232120042,9.261984983283952,99.12240823838006,0.0,46.38321292367192,26.380244910086848,54.25986425037513,1533.0077955408374,1533.0077955408374,0.0
2016-08-05 02:00:00-05:00,695.3594695220802,1020.9202661943734,99.49688162092126,0.0,0.0,5.4361551873269764,830.5755863317122,47.96329314865689,27.837675567724624,145.6145831512448,9.290108509212391,53.32944194650597,0.0,35.092062434766525,26.98957316069671,53.96501493236292,1525.9350558537924,1525.9350558537924,0.0
2016-08-05 03:00:00-05:00,741.3688821545451,1178.6032434172832,99.21287572712404,0.0,0.0,5.451260733731918,896.9256966424928,5.889961982082302,27.544547270473146,172.11478060216683,9.308805415680359,19.412834178611963,0.0,39.11554652067525,23.90165085166832,57.73907209754066,1638.294578797038,1638.294578797038,0.0
2016-08-05 04:00:00-05:00,662.5190257627983,1019.3780168819154,99.85409548871208,0.0,0.0,5.460645277255304,845.2074056169371,43.64394567082812,27.048729091509443,146.953878483134,9.191256222935928,21.418510291458944,0.0,51.684981357444144,29.39370825262155,53.698664361920464,1507.7264313797355,1507.7264313797355,0.0
2016-08-05 05:00:00-05:00,574.0812176078798,848.5594031044009,99.27591355385108,0.0,0.0,5.503522688055843,718.9119601951755,46.98368010043504,27.60336917640433,126.66069286247165,9.30080107079223,21.333585485405425,0.0,29.67282648543411,30.06536203667611,48.03402123912883,1292.9931778030555,1292.9931778030555,0.0
2016-08-05 06:00:00-05:00,116.98537868923611,0.0,96.80730353461371,0.0,0.0,5.411374701393975,116.2354719373915,7.2887905438741045,27.16731029086643,7.951407856411404,9.497514671749538,0.0,0.0,0.0,54.66592873467339,24.431220293045072,233.22085062662762,233.22085062662762,0.0
2016-08-05 07:00:00-05:00,550.8188933795318,752.5593758605493,96.12189798118861,28.205312710003366,0.0,5.499373262452099,934.2265770134758,100.82553375605073,201.29698156892417,115.93082891186103,26.26725359093069,21.58974346034944,0.0,53.46923490385815,26.389799941325936,56.89013444551415,1485.0454703930077,1485.0454703930077,0.0
2016-08-05 08:00:00-05:00,170.46975301474927,0.0,96.24106022297397,34.784089729886816,0.0,5.584192613782761,465.494509902988,102.83592059116432,247.77784150852145,8.597791593961563,29.141511507050254,21.542626783484103,0.0,27.657540247192784,28.98517294191581,32.81651517780347,635.9642629177373,635.9642629177373,0.0
2016-08-05 09:00:00-05:00,168.47055892264686,0.0,94.70458804472518,34.319778048912426,0.0,5.513632718929999,502.7623689817152,93.4558827933131,281.7824577255075,8.565417052377311,26.58669009983938,21.522150639386492,0.0,35.19997759661191,36.02594324262738,33.55640994213138,671.2329279043621,671.2329279043621,0.0
2016-08-05 10:00:00-05:00,551.5181749072349,437.77636054069205,95.17104620506136,0.0,0.0,5.871849103635977,866.3147260401081,123.13677487096798,284.752811746983,78.75946315604472,18.555322898502716,208.6414855499676,0.0,83.18846115181867,27.862243331170035,54.11708239249879,1417.832900947343,1417.832900947343,0.0
2016-08-05 11:00:00-05:00,1015.494461790019,1519.1709201785773,97.48335942417818,0.0,0.0,5.419980893850388,1408.3402639209057,52.67890681800418,280.9789850164382,190.00362637405962,24.843446942580776,115.05447181340111,0.0,27.58262194185051,26.9079251033232,83.71048120466139,2423.834725710925,2423.834725710925,0.0
2016-08-05 12:00:00-05:00,1244.4417054292853,1938.1075441120324,97.14106926730918,0.0,0.0,5.16797237067113,1728.6152582675509,87.98720934744037,276.59414648220127,224.48563644330625,44.53164647848463,131.7531477504209,0.0,40.81403696571857,32.23938499982071,94.23516947943062,2973.056963696836,2973.056963696836,0.0
2016-08-05 13:00:00-05:00,1420.091311857117,2108.36972643332,95.25692379345173,0.0,0.0,5.002843693749406,1753.1962965410492,25.781737225163912,284.75468100216017,234.10706976707615,29.231000757921166,220.19515510493073,0.0,39.34601769751743,31.39820775020358,99.84424517267189,3173.2876083981664,3173.2876083981664,0.0
2016-08-05 14:00:00-05:00,1442.132207569152,2168.3017439479795,99.08271289394368,0.0,0.0,0.0,1803.4531892146122,58.484326111618735,274.28481675171594,233.60683718495935,43.93135904973979,207.99733366960814,11.022308020350122,28.11625090761469,25.575840460348118,95.18186778588552,3245.585396783764,3245.585396783764,0.0
